edgeID,startNode,endNode
KHALL00801_KHALL02001,KHALL00801,KHALL02001
KHALL00801_KREST00201,KHALL00801,KREST00201
KHALL00801_KHALL01801,KHALL00801,KHALL01801
KHALL00801_KHALL01701,KHALL00801,KHALL01701
KDEPT00501_KHALL01301,KDEPT00501,KHALL01301
KDEPT00301_KHALL02501,KDEPT00301,KHALL02501
KHALL00401_KHALL02401,KHALL00401,KHALL02401
KHALL00401_KLABS00701,KHALL00401,KLABS00701
KHALL00401_KHALL02501,KHALL00401,KHALL02501
KDEPT00101_KHALL00201,KDEPT00101,KHALL00201
KHALL02501_KHALL00401,KHALL02501,KHALL00401
KHALL02501_KDEPT00201,KHALL02501,KDEPT00201
KHALL02501_KDEPT00301,KHALL02501,KDEPT00301
KSTAI00101_KHALL01201,KSTAI00101,KHALL01201
KHALL00601_KHALL00501,KHALL00601,KHALL00501
KHALL00601_KLABS00601,KHALL00601,KLABS00601
KHALL00601_KLABS00501,KHALL00601,KLABS00501
KHALL00601_KHALL01901,KHALL00601,KHALL01901
KDEPT00701_KHALL01601,KDEPT00701,KHALL01601
KDEPT00701_LEXIT0101,KDEPT00701,LEXIT0101
KELEV00X01_KHALL01501,KELEV00X01,KHALL01501
KHALL02101_KHALL02201,KHALL02101,KHALL02201
KHALL02101_KLABS00401,KHALL02101,KLABS00401
KHALL02101_KHALL00101,KHALL02101,KHALL00101
KHALL00201_KHALL00101,KHALL00201,KHALL00101
KHALL00201_KDEPT00101,KHALL00201,KDEPT00101
KHALL00201_KLABS00201,KHALL00201,KLABS00201
KHALL02301_KHALL01201,KHALL02301,KHALL01201
KHALL02301_KHALL01101,KHALL02301,KHALL01101
KHALL02301_KSERV00201,KHALL02301,KSERV00201
KHALL01801_KHALL00801,KHALL01801,KHALL00801
KHALL01801_KLABS00101,KHALL01801,KLABS00101
KHALL01401_KHALL01301,KHALL01401,KHALL01301
KHALL01401_KDEPT00601,KHALL01401,KDEPT00601
KHALL01401_KHALL00701,KHALL01401,KHALL00701
KHALL01601_KHALL01501,KHALL01601,KHALL01501
KHALL01601_KSTAI00201,KHALL01601,KSTAI00201
KHALL01601_KDEPT00701,KHALL01601,KDEPT00701
KSERV00301_KHALL01701,KSERV00301,KHALL01701
KREST00201_KHALL00801,KREST00201,KHALL00801
KSERV00101_KHALL02401,KSERV00101,KHALL02401
KLABS00801_KHALL02001,KLABS00801,KHALL02001
LEXIT0101_KDEPT00701,LEXIT0101,KDEPT00701
KSTAI00301_KHALL01501,KSTAI00301,KHALL01501
KHALL01001_KHALL00901,KHALL01001,KHALL00901
KLABS00201_KHALL00201,KLABS00201,KHALL00201
KHALL01201_KSTAI00101,KHALL01201,KSTAI00101
KHALL01201_KHALL02301,KHALL01201,KHALL02301
KHALL01201_KHALL02201,KHALL01201,KHALL02201
KLABS00601_KHALL00601,KLABS00601,KHALL00601
KLABS00401_KHALL02101,KLABS00401,KHALL02101
KHALL00701_KHALL01901,KHALL00701,KHALL01901
KHALL00701_KHALL01401,KHALL00701,KHALL01401
KHALL00701_KHALL02001,KHALL00701,KHALL02001
KHALL00701_KHALL01501,KHALL00701,KHALL01501
KDEPT00601_KHALL01401,KDEPT00601,KHALL01401
KHALL00901_KHALL01701,KHALL00901,KHALL01701
KHALL00901_KHALL01001,KHALL00901,KHALL01001
KDEPT00401_KHALL00501,KDEPT00401,KHALL00501
KHALL00301_KHALL00101,KHALL00301,KHALL00101
KHALL00301_KHALL02401,KHALL00301,KHALL02401
KHALL00301_KHALL00501,KHALL00301,KHALL00501
KDEPT00201_KHALL02501,KDEPT00201,KHALL02501
KHALL00501_KHALL00301,KHALL00501,KHALL00301
KHALL00501_KDEPT00401,KHALL00501,KDEPT00401
KHALL00501_KHALL00601,KHALL00501,KHALL00601
KSTAI00201_KHALL01601,KSTAI00201,KHALL01601
KELEV00Y01_KHALL01101,KELEV00Y01,KHALL01101
KHALL02201_KHALL01201,KHALL02201,KHALL01201
KHALL02201_KLABS00301,KHALL02201,KLABS00301
KHALL02201_KHALL02101,KHALL02201,KHALL02101
KHALL00101_KHALL02101,KHALL00101,KHALL02101
KHALL00101_KHALL00201,KHALL00101,KHALL00201
KHALL00101_KHALL00301,KHALL00101,KHALL00301
KHALL00101_KHALL01301,KHALL00101,KHALL01301
KHALL02401_KHALL00301,KHALL02401,KHALL00301
KHALL02401_KSERV00101,KHALL02401,KSERV00101
KHALL02401_KHALL00401,KHALL02401,KHALL00401
KHALL02001_KHALL00701,KHALL02001,KHALL00701
KHALL02001_KREST00101,KHALL02001,KREST00101
KHALL02001_KLABS00801,KHALL02001,KLABS00801
KHALL02001_KHALL00801,KHALL02001,KHALL00801
KHALL01901_KHALL00601,KHALL01901,KHALL00601
KHALL01901_KREST00301,KHALL01901,KREST00301
KHALL01901_KHALL00701,KHALL01901,KHALL00701
KHALL01501_KHALL00701,KHALL01501,KHALL00701
KHALL01501_KELEV00X01,KHALL01501,KELEV00X01
KHALL01501_KSTAI00301,KHALL01501,KSTAI00301
KHALL01501_KHALL01601,KHALL01501,KHALL01601
KHALL01701_KHALL00801,KHALL01701,KHALL00801
KHALL01701_KSERV00301,KHALL01701,KSERV00301
KHALL01701_KHALL00901,KHALL01701,KHALL00901
KREST00101_KHALL02001,KREST00101,KHALL02001
KSERV00201_KHALL02301,KSERV00201,KHALL02301
KREST00301_KHALL01901,KREST00301,KHALL01901
KHALL01101_KHALL02301,KHALL01101,KHALL02301
KHALL01101_KELEV00Y01,KHALL01101,KELEV00Y01
KLABS00101_KHALL01801,KLABS00101,KHALL01801
KHALL01301_KHALL00101,KHALL01301,KHALL00101
KHALL01301_KDEPT00501,KHALL01301,KDEPT00501
KHALL01301_KHALL01401,KHALL01301,KHALL01401
KLABS00301_KHALL02201,KLABS00301,KHALL02201
KLABS00701_KHALL00401,KLABS00701,KHALL00401
KLABS00501_KHALL00601,KLABS00501,KHALL00601
LHALL01802_LHALL01702,LHALL01802,LHALL01702
LHALL01802_LHALL01902,LHALL01802,LHALL01902
LHALL01902_LHALL01802,LHALL01902,LHALL01802
LHALL01902_LDEPT00502,LHALL01902,LDEPT00502
LHALL01902_LHALL02002,LHALL01902,LHALL02002
LHALL01602_LRETL00102,LHALL01602,LRETL00102
LHALL01602_LHALL01502,LHALL01602,LHALL01502
LHALL01602_LHALL01702,LHALL01602,LHALL01702
LHALL01702_LDEPT00802,LHALL01702,LDEPT00802
LHALL01702_LHALL01602,LHALL01702,LHALL01602
LHALL01702_LHALL02102,LHALL01702,LHALL02102
LHALL01702_LHALL01802,LHALL01702,LHALL01802
LHALL01402_LDEPT00702,LHALL01402,LDEPT00702
LHALL01402_LHALL01302,LHALL01402,LHALL01302
LHALL01402_LHALL01502,LHALL01402,LHALL01502
LHALL01502_LHALL01402,LHALL01502,LHALL01402
LHALL01502_LHALL01602,LHALL01502,LHALL01602
LHALL01202_LDEPT00402,LHALL01202,LDEPT00402
LHALL01202_LHALL01102,LHALL01202,LHALL01102
LHALL01202_LHALL01302,LHALL01202,LHALL01302
LDEPT01002_LHALL01002,LDEPT01002,LHALL01002
LHALL01302_LSTAF00402,LHALL01302,LSTAF00402
LHALL01302_LHALL01202,LHALL01302,LHALL01202
LHALL01302_LHALL01402,LHALL01302,LHALL01402
LHALL01002_LDEPT01002,LHALL01002,LDEPT01002
LRETL00102_LHALL01602,LRETL00102,LHALL01602
LHALL00502_LSERV00302,LHALL00502,LSERV00302
LHALL00202_LSERV00102,LHALL00202,LSERV00102
LHALL00202_LHALL00102,LHALL00202,LHALL00102
LHALL00302_LDEPT00302,LHALL00302,LDEPT00302
LHALL00302_LHALL00202,LHALL00302,LHALL00202
LHALL00402_LHALL00302,LHALL00402,LHALL00302
LHALL00402_LSERV00202,LHALL00402,LSERV00202
LHALL00502_LHALL00402,LHALL00502,LHALL00402
LHALL00602_LHALL00502,LHALL00602,LHALL00502
LHALL01302_LSERV00402,LHALL01302,LSERV00402
LHALL00702_LHALL00602,LHALL00702,LHALL00602
LHALL00802_LHALL00702,LHALL00802,LHALL00702
LHALL00802_LELEV00Y02,LHALL00802,LELEV00Y02
LHALL00902_LHALL00802,LHALL00902,LHALL00802
LHALL01002_LHALL00902,LHALL01002,LHALL00902
LHALL01002_LHALL01102,LHALL01002,LHALL01102
LHALL01102_LHALL01002,LHALL01102,LHALL01002
LHALL01102_LELEV00Z02,LHALL01102,LELEV00Z02
LHALL01102_LHALL01202,LHALL01102,LHALL01202
LHALL01102_LREST00102,LHALL01102,LREST00102
LELEV00Y02_LHALL00802,LELEV00Y02,LHALL00802
LELEV00X02_LHALL02002,LELEV00X02,LHALL02002
LELEV00Z02_LHALL01102,LELEV00Z02,LHALL01102
LSTAI00102_LHALL02002,LSTAI00102,LHALL02002
LSTAF00302_LHALL00502,LSTAF00302,LHALL00502
LSTAF00202_LHALL00402,LSTAF00202,LHALL00402
LSTAF00102_LHALL00202,LSTAF00102,LHALL00202
LSTAF00602_LHALL00702,LSTAF00602,LHALL00702
LSTAF00502_LHALL00102,LSTAF00502,LHALL00102
LSTAF00402_LHALL01302,LSTAF00402,LHALL01302
LHALL00902_LDEPT00902,LHALL00902,LDEPT00902
LHALL00902_LHALL00802,LHALL00902,LHALL00802
LHALL00902_LHALL01002,LHALL00902,LHALL01002
LHALL00702_LHALL00602,LHALL00702,LHALL00602
LHALL00702_LHALL00802,LHALL00702,LHALL00802
LHALL00702_LSTAF00602,LHALL00702,LSTAF00602
LHALL00802_LHALL00702,LHALL00802,LHALL00702
LHALL00802_LELEV00Y02,LHALL00802,LELEV00Y02
LHALL00802_LHALL00902,LHALL00802,LHALL00902
LHALL00502_LSTAF00302,LHALL00502,LSTAF00302
LHALL00502_LHALL00402,LHALL00502,LHALL00402
LHALL00502_LHALL00602,LHALL00502,LHALL00602
LHALL00602_LDEPT00102,LHALL00602,LDEPT00102
LHALL00602_LHALL00502,LHALL00602,LHALL00502
LHALL00602_LHALL00702,LHALL00602,LHALL00702
LHALL00602_LDEPT00102,LHALL00602,LDEPT00102
LHALL00302_LDEPT00302,LHALL00302,LDEPT00302
LHALL00302_LHALL00202,LHALL00302,LHALL00202
LHALL00302_LHALL00402,LHALL00302,LHALL00402
LHALL00402_LHALL00302,LHALL00402,LHALL00302
LHALL00402_LSTAF00202,LHALL00402,LSTAF00202
LHALL00402_LHALL00502,LHALL00402,LHALL00502
LHALL00102_LHALL00202,LHALL00102,LHALL00202
LHALL00102_LSTAF00502,LHALL00102,LSTAF00502
LHALL00202_LDEPT00602,LHALL00202,LDEPT00602
LHALL00202_LSTAF00102,LHALL00202,LSTAF00102
LHALL00202_LHALL00102,LHALL00202,LHALL00102
LHALL00202_LHALL00302,LHALL00202,LHALL00302
LDEPT00102_LHALL00602,LDEPT00102,LHALL00602
LDEPT00102_LHALL00602,LDEPT00102,LHALL00602
LHALL02102_LHALL01702,LHALL02102,LHALL01702
LHALL02102_LHALL02002,LHALL02102,LHALL02002
LREST00102_LHALL01102,LREST00102,LHALL01102
LDEPT00302_LHALL00302,LDEPT00302,LHALL00302
LDEPT00402_LHALL01202,LDEPT00402,LHALL01202
LHALL02002_LELEV00X02,LHALL02002,LELEV00X02
LHALL02002_LHALL01902,LHALL02002,LHALL01902
LHALL02002_LHALL02102,LHALL02002,LHALL02102
LHALL02002_LSTAI00102,LHALL02002,LSTAI00102
LDEPT00502_LHALL01902,LDEPT00502,LHALL01902
LDEPT00602_LHALL00202,LDEPT00602,LHALL00202
LDEPT00702_LHALL01402,LDEPT00702,LHALL01402
LDEPT00802_LHALL01702,LDEPT00802,LHALL01702
LDEPT00902_LHALL00902,LDEPT00902,LHALL00902
LRETL00102_LHALL01602,LRETL00102,LHALL01602
MSERV00302_MSERV00301,MSERV00302,MSERV00301
MSERV00302_MHALL00306,MSERV00302,MHALL00306
MSERV00303_MSERV00301,MSERV00303,MSERV00301
MSERV00303_MHALL00306,MSERV00303,MHALL00306
MELEV00322_MHALL00321,MELEV00322,MHALL00321
LHALL01202_LHALL01302,LHALL01202,LHALL01302
LSERV00502_LHALL00102,LSERV00502,LHALL00102
LHALL01302_LHALL01402,LHALL01302,LHALL01402
LHALL01402_LHALL01502,LHALL01402,LHALL01502
LHALL01502_LHALL01602,LHALL01502,LHALL01602
LHALL01602_LHALL01702,LHALL01602,LHALL01702
LHALL01702_LHALL02102,LHALL01702,LHALL02102
LHALL01702_LHALL01802,LHALL01702,LHALL01802
LHALL01802_LHALL01902,LHALL01802,LHALL01902
LHALL01902_LDEPT00502,LHALL01902,LDEPT00502
LHALL02002_LELEV00X02,LHALL02002,LELEV00X02
LHALL02002_LHALL01902,LHALL02002,LHALL01902
LHALL02102_LHALL02002,LHALL02102,LHALL02002
LREST00102_LHALL01102,LREST00102,LHALL01102
LSERV00602_LHALL00702,LSERV00602,LHALL00702
LSTAI00102_LHALL02002,LSTAI00102,LHALL02002
LHALL00602_LDEPT00102,LHALL00602,LDEPT00102
MSERV00301_MSERV00303,MSERV00301,MSERV00303
MSERV00301_MSERV00302,MSERV00301,MSERV00302
MSERV00301_MHALL00306,MSERV00301,MHALL00306
MSERV00304_MHALL00306,MSERV00304,MHALL00306
MSERV00305_MHALL00306,MSERV00305,MHALL00306
MHALL00335_MHALL00312,MHALL00335,MHALL00312
MHALL00335_MHALL00336,MHALL00335,MHALL00336
MHALL00312_MRETL00311,MHALL00312,MRETL00311
MHALL00312_MRETL00313,MHALL00312,MRETL00313
MHALL00312_MRETL00314,MHALL00312,MRETL00314
MHALL00312_MHALL00335,MHALL00312,MHALL00335
MHALL00334_MHALL00333,MHALL00334,MHALL00333
MHALL00333_MHALL00332,MHALL00333,MHALL00332
MHALL00333_MHALL00334,MHALL00333,MHALL00334
MHALL00332_MHALL00331,MHALL00332,MHALL00331
MHALL00332_MHALL00333,MHALL00332,MHALL00333
MHALL00331_MHALL00332,MHALL00331,MHALL00332
MHALL00331_MRETL00313,MHALL00331,MRETL00313
MHALL00331_MRETL00330,MHALL00331,MRETL00330
MHALL00319_MHALL00318,MHALL00319,MHALL00318
MHALL00319_MDEPT00320,MHALL00319,MDEPT00320
MHALL00318_MHALL00316,MHALL00318,MHALL00316
MHALL00318_MHALL00319,MHALL00318,MHALL00319
MHALL00318_MHALL00321,MHALL00318,MHALL00321
MHALL00317_MHALL00316,MHALL00317,MHALL00316
MHALL00317_MHALL00329,MHALL00317,MHALL00329
MHALL00339_MSERV00338,MHALL00339,MSERV00338
MHALL00339_MHALL00340,MHALL00339,MHALL00340
MHALL00316_MRETL00314,MHALL00316,MRETL00314
MHALL00316_MSERV00315,MHALL00316,MSERV00315
MHALL00316_MHALL00317,MHALL00316,MHALL00317
MHALL00316_MHALL00318,MHALL00316,MHALL00318
MSTAI00310_MHALL00309,MSTAI00310,MHALL00309
MSTAI00310_MRETL00311,MSTAI00310,MRETL00311
MHALL00336_MHALL00335,MHALL00336,MHALL00335
MHALL00336_MSERV00337,MHALL00336,MSERV00337
MHALL00336_MSERV00338,MHALL00336,MSERV00338
MREST00344_MHALL00328,MREST00344,MHALL00328
MREST00344_MDEPT00327,MREST00344,MDEPT00327
MELEV00307_MHALL00306,MELEV00307,MHALL00306
MELEV00307_MHALL00309,MELEV00307,MHALL00309
MDEPT00324_MDEPT00320,MDEPT00324,MDEPT00320
MDEPT00324_MDEPT00325,MDEPT00324,MDEPT00325
MELEV00308_MHALL00306,MELEV00308,MHALL00306
MELEV00308_MHALL00309,MELEV00308,MHALL00309
MREST00343_MDEPT00327,MREST00343,MDEPT00327
MREST00343_MDEPT00326,MREST00343,MDEPT00326
MDEPT00327_MHALL00321,MDEPT00327,MHALL00321
MDEPT00327_MREST00343,MDEPT00327,MREST00343
MDEPT00327_MREST00344,MDEPT00327,MREST00344
MDEPT00325_MDEPT00324,MDEPT00325,MDEPT00324
MDEPT00325_MDEPT00326,MDEPT00325,MDEPT00326
MDEPT00326_MDEPT00325,MDEPT00326,MDEPT00325
MDEPT00326_MREST00343,MDEPT00326,MREST00343
MDEPT00320_MHALL00319,MDEPT00320,MHALL00319
MDEPT00320_MDEPT00324,MDEPT00320,MDEPT00324
MSERV00315_MHALL00316,MSERV00315,MHALL00316
MSERV00337_MHALL00336,MSERV00337,MHALL00336
MSERV00338_MHALL00336,MSERV00338,MHALL00336
MSERV00338_MHALL00339,MSERV00338,MHALL00339
MHALL00321_MELEV00322,MHALL00321,MELEV00322
MHALL00321_MHALL00318,MHALL00321,MHALL00318
MHALL00321_MSTAI00323,MHALL00321,MSTAI00323
MHALL00321_MDEPT00327,MHALL00321,MDEPT00327
MHALL00342_MHALL00341,MHALL00342,MHALL00341
MHALL00341_MHALL00340,MHALL00341,MHALL00340
MHALL00341_MHALL00342,MHALL00341,MHALL00342
MHALL00340_MHALL00339,MHALL00340,MHALL00339
MHALL00340_MHALL00341,MHALL00340,MHALL00341
MHALL00309_MHALL00306,MHALL00309,MHALL00306
MHALL00309_MSTAI00310,MHALL00309,MSTAI00310
MHALL00309_MELEV00307,MHALL00309,MELEV00307
MHALL00309_MELEV00308,MHALL00309,MELEV00308
MRETL00311_MSTAI00310,MRETL00311,MSTAI00310
MRETL00311_MHALL00312,MRETL00311,MHALL00312
MRETL00330_MRETL00313,MRETL00330,MRETL00313
MRETL00330_MHALL00331,MRETL00330,MHALL00331
MHALL00329_MHALL00328,MHALL00329,MHALL00328
MHALL00329_MHALL00317,MHALL00329,MHALL00317
MRETL00314_MHALL00312,MRETL00314,MHALL00312
MRETL00314_MHALL00316,MRETL00314,MHALL00316
MHALL00306_MSERV00301,MHALL00306,MSERV00301
MHALL00306_MSERV00302,MHALL00306,MSERV00302
MHALL00306_MSERV00303,MHALL00306,MSERV00303
MHALL00306_MSERV00305,MHALL00306,MSERV00305
MHALL00306_MSERV00304,MHALL00306,MSERV00304
MHALL00306_MELEV00307,MHALL00306,MELEV00307
MHALL00306_MELEV00308,MHALL00306,MELEV00308
MHALL00306_MHALL00309,MHALL00306,MHALL00309
MHALL00328_MREST00344,MHALL00328,MREST00344
MHALL00328_MHALL00329,MHALL00328,MHALL00329
MSTAI00323_MHALL00321,MSTAI00323,MHALL00321
MRETL00313_MHALL00312,MRETL00313,MHALL00312
MRETL00313_MRETL00330,MRETL00313,MRETL00330
MRETL00313_MHALL00331,MRETL00313,MHALL00331
NDEPT00104_IHALL03504,NDEPT00104,IHALL03504
NHALL00404_NHALL00304,NHALL00404,NHALL00304
NHALL00404_NHALL00504,NHALL00404,NHALL00504
NHALL00404_NREST00104,NHALL00404,NREST00104
NHALL00404_NDEPT00204,NHALL00404,NDEPT00204
NHALL02504_NHALL02404,NHALL02504,NHALL02404
NHALL02504_NHALL02604,NHALL02504,NHALL02604
NHALL02504_NDEPT01404,NHALL02504,NDEPT01404
NHALL02504_NDEPT01504,NHALL02504,NDEPT01504
NHALL00604_NHALL00504,NHALL00604,NHALL00504
NHALL00604_NHALL00704,NHALL00604,NHALL00704
NHALL00604_NSERV00104,NHALL00604,NSERV00104
NHALL00604_NCONF00104,NHALL00604,NCONF00104
NELEV00X04_NHALL02004,NELEV00X04,NHALL02004
NHALL02704_NHALL02604,NHALL02704,NHALL02604
NHALL02704_NHALL02804,NHALL02704,NHALL02804
NHALL02704_NDEPT01704,NHALL02704,NDEPT01704
NHALL02704_NSTAI00504,NHALL02704,NSTAI00504
NHALL00804_NHALL00704,NHALL00804,NHALL00704
NHALL00804_NHALL00904,NHALL00804,NHALL00904
NHALL00804_NELEV00Z04,NHALL00804,NELEV00Z04
NHALL00804_NELEV00Y04,NHALL00804,NELEV00Y04
NDEPT00504_NHALL01604,NDEPT00504,NHALL01604
NDEPT00504_NHALL01704,NDEPT00504,NHALL01704
NHALL02904_NHALL02804,NHALL02904,NHALL02804
NHALL02904_NHALL03004,NHALL02904,NHALL03004
NHALL02904_NSERV00804,NHALL02904,NSERV00804
NHALL02904_NSERV00904,NHALL02904,NSERV00904
NDEPT00304_NHALL00904,NDEPT00304,NHALL00904
NDEPT00304_NHALL01004,NDEPT00304,NHALL01004
NDEPT00904_NHALL02304,NDEPT00904,NHALL02304
NSTAI00104_NHALL00104,NSTAI00104,NHALL00104
NDEPT00704_NHALL01904,NDEPT00704,NHALL01904
NDEPT00704_NHALL02104,NDEPT00704,NHALL02104
NSERV01104_NHALL03104,NSERV01104,NHALL03104
NELEV00Z04_NHALL00804,NELEV00Z04,NHALL00804
NSERV01304_NHALL03304,NSERV01304,NHALL03304
NHALL02104_NHALL01904,NHALL02104,NHALL01904
NHALL02104_NHALL02204,NHALL02104,NHALL02204
NHALL02104_NDEPT00704,NHALL02104,NDEPT00704
NCONF00204_NHALL00204,NCONF00204,NHALL00204
NHALL00204_NHALL00304,NHALL00204,NHALL00304
NHALL00204_NCONF00204,NHALL00204,NCONF00204
NHALL00204_IHALL03504,NHALL00204,IHALL03504
NHALL02304_NHALL02204,NHALL02304,NHALL02204
NHALL02304_NDEPT00904,NHALL02304,NDEPT00904
NHALL02304_NDEPT00804,NHALL02304,NDEPT00804
NHALL02304_NHALL01504,NHALL02304,NHALL01504
NDEPT01404_NHALL02504,NDEPT01404,NHALL02504
NHALL01504_NHALL01404,NHALL01504,NHALL01404
NHALL01504_NHALL01604,NHALL01504,NHALL01604
NHALL01504_NHALL02004,NHALL01504,NHALL02004
NHALL01504_NHALL02304,NHALL01504,NHALL02304
NREST00304_NHALL01904,NREST00304,NHALL01904
NREST00304_NHALL02004,NREST00304,NHALL02004
NDEPT01604_NHALL02604,NDEPT01604,NHALL02604
NHALL01704_NHALL01604,NHALL01704,NHALL01604
NHALL01704_NHALL01804,NHALL01704,NHALL01804
NHALL01704_NDEPT00504,NHALL01704,NDEPT00504
NHALL01704_NDEPT00604,NHALL01704,NDEPT00604
NDEPT01004_NHALL01304,NDEPT01004,NHALL01304
NSERV00804_NHALL02904,NSERV00804,NHALL02904
NHALL01904_NHALL01804,NHALL01904,NHALL01804
NHALL01904_NHALL02004,NHALL01904,NHALL02004
NHALL01904_NHALL02104,NHALL01904,NHALL02104
NHALL01904_NREST00204,NHALL01904,NREST00204
NHALL01904_NREST00304,NHALL01904,NREST00304
NHALL01904_NDEPT00704,NHALL01904,NDEPT00704
NDEPT01204_NHALL00904,NDEPT01204,NHALL00904
NREST00104_NHALL00404,NREST00104,NHALL00404
NSERV00404_NHALL01104,NSERV00404,NHALL01104
NSERV00604_NHALL02804,NSERV00604,NHALL02804
NDEPT01804_NHALL03204,NDEPT01804,NHALL03204
NSERV00204_NHALL00704,NSERV00204,NHALL00704
NSTAI00404_NHALL02004,NSTAI00404,NHALL02004
NSTAI00604_NHALL03404,NSTAI00604,NHALL03404
NLABS00104_NHALL00104,NLABS00104,NHALL00104
NHALL03004_NHALL02904,NHALL03004,NHALL02904
NHALL03004_NHALL03104,NHALL03004,NHALL03104
NHALL03004_NSERV01204,NHALL03004,NSERV01204
NHALL01104_NHALL01004,NHALL01104,NHALL01004
NHALL01104_NHALL01204,NHALL01104,NHALL01204
NHALL01104_NSERV00404,NHALL01104,NSERV00404
NHALL03404_NHALL03304,NHALL03404,NHALL03304
NHALL03404_NDEPT02104,NHALL03404,NDEPT02104
NHALL03404_NSTAI00604,NHALL03404,NSTAI00604
NHALL01304_NHALL01204,NHALL01304,NHALL01204
NHALL01304_NHALL01404,NHALL01304,NHALL01404
NHALL01304_NDEPT00404,NHALL01304,NDEPT00404
NHALL01304_NDEPT01004,NHALL01304,NDEPT01004
NHALL03204_NHALL03104,NHALL03204,NHALL03104
NHALL03204_NHALL03304,NHALL03204,NHALL03304
NHALL03204_NDEPT01804,NHALL03204,NDEPT01804
NHALL03204_NDEPT01904,NHALL03204,NDEPT01904
NDEPT00204_NHALL00404,NDEPT00204,NHALL00404
NDEPT00204_NSERV01404,NDEPT00204,NSERV01404
NHALL00304_NHALL00204,NHALL00304,NHALL00204
NHALL00304_NHALL00404,NHALL00304,NHALL00404
NHALL00304_NSTAI00204,NHALL00304,NSTAI00204
NHALL02604_NHALL02504,NHALL02604,NHALL02504
NHALL02604_NHALL02704,NHALL02604,NHALL02704
NHALL02604_NDEPT01604,NHALL02604,NDEPT01604
NELEV00Y04_NHALL00804,NELEV00Y04,NHALL00804
NHALL02804_NHALL02704,NHALL02804,NHALL02704
NHALL02804_NHALL02904,NHALL02804,NHALL02904
NHALL02804_NSERV00604,NHALL02804,NSERV00604
NHALL02804_NSERV00704,NHALL02804,NSERV00704
NHALL00504_NHALL00404,NHALL00504,NHALL00404
NHALL00504_NHALL00604,NHALL00504,NHALL00604
NHALL00504_NLABS00204,NHALL00504,NLABS00204
NDEPT00604_NHALL01704,NDEPT00604,NHALL01704
NDEPT02104_NHALL03404,NDEPT02104,NHALL03404
NHALL00704_NHALL00604,NHALL00704,NHALL00604
NHALL00704_NHALL00804,NHALL00704,NHALL00804
NHALL00704_NHALL02404,NHALL00704,NHALL02404
NHALL00704_NSERV00204,NHALL00704,NSERV00204
NDEPT00404_NHALL01304,NDEPT00404,NHALL01304
NHALL00904_NHALL00804,NHALL00904,NHALL00804
NHALL00904_NHALL01004,NHALL00904,NHALL01004
NHALL00904_NSTAI00304,NHALL00904,NSTAI00304
NHALL00904_NDEPT00304,NHALL00904,NDEPT00304
NHALL00904_NDEPT01204,NHALL00904,NDEPT01204
NDEPT00804_NHALL02204,NDEPT00804,NHALL02204
NDEPT00804_NHALL02304,NDEPT00804,NHALL02304
NSTAI00204_NHALL00304,NSTAI00204,NHALL00304
NSERV01204_NHALL03004,NSERV01204,NHALL03004
NSERV01404_NDEPT00204,NSERV01404,NDEPT00204
NSERV01004_NHALL03104,NSERV01004,NHALL03104
NCONF00104_NHALL00604,NCONF00104,NHALL00604
NHALL02004_NHALL01904,NHALL02004,NHALL01904
NHALL02004_NHALL01504,NHALL02004,NHALL01504
NHALL02004_NELEV00X04,NHALL02004,NELEV00X04
NHALL02004_NSTAI00404,NHALL02004,NSTAI00404
NHALL02004_NREST00204,NHALL02004,NREST00204
NHALL02004_NREST00304,NHALL02004,NREST00304
NHALL02204_NHALL02104,NHALL02204,NHALL02104
NHALL02204_NHALL02304,NHALL02204,NHALL02304
NHALL02204_NDEPT00804,NHALL02204,NDEPT00804
NHALL00104_NLABS00104,NHALL00104,NLABS00104
NHALL00104_NSTAI00104,NHALL00104,NSTAI00104
NHALL00104_IHALL03504,NHALL00104,IHALL03504
NHALL02404_NHALL02504,NHALL02404,NHALL02504
NHALL02404_NHALL00704,NHALL02404,NHALL00704
NHALL02404_NDEPT01304,NHALL02404,NDEPT01304
NREST00204_NHALL01904,NREST00204,NHALL01904
NREST00204_NHALL02004,NREST00204,NHALL02004
NDEPT01504_NHALL02504,NDEPT01504,NHALL02504
NHALL01404_NHALL01304,NHALL01404,NHALL01304
NHALL01404_NHALL01504,NHALL01404,NHALL01504
NHALL01404_NSERV00304,NHALL01404,NSERV00304
NDEPT01704_NHALL02704,NDEPT01704,NHALL02704
NHALL01604_NHALL01504,NHALL01604,NHALL01504
NHALL01604_NHALL01704,NHALL01604,NHALL01704
NHALL01604_NDEPT00504,NHALL01604,NDEPT00504
NDEPT01104_NHALL01204,NDEPT01104,NHALL01204
NSERV00904_NHALL02904,NSERV00904,NHALL02904
NHALL01804_NHALL01704,NHALL01804,NHALL01704
NHALL01804_NHALL01904,NHALL01804,NHALL01904
NDEPT01304_NHALL02404,NDEPT01304,NHALL02404
NSERV00504_NHALL01004,NSERV00504,NHALL01004
NSERV00704_NHALL02804,NSERV00704,NHALL02804
NSERV00104_NHALL00604,NSERV00104,NHALL00604
NDEPT01904_NHALL03204,NDEPT01904,NHALL03204
NSERV00304_NHALL01404,NSERV00304,NHALL01404
NSTAI00304_NHALL00904,NSTAI00304,NHALL00904
NLABS00204_NHALL00504,NLABS00204,NHALL00504
NSTAI00504_NHALL02704,NSTAI00504,NHALL02704
IHALL03504_NDEPT00104,IHALL03504,NDEPT00104
IHALL03504_NHALL00104,IHALL03504,NHALL00104
IHALL03504_NHALL00204,IHALL03504,NHALL00204
NHALL03104_NHALL03004,NHALL03104,NHALL03004
NHALL03104_NHALL03204,NHALL03104,NHALL03204
NHALL03104_NSERV01004,NHALL03104,NSERV01004
NHALL03104_NSERV01104,NHALL03104,NSERV01104
NDEPT02004_NHALL03304,NDEPT02004,NHALL03304
NHALL01004_NHALL00904,NHALL01004,NHALL00904
NHALL01004_NHALL01104,NHALL01004,NHALL01104
NHALL01004_NDEPT00304,NHALL01004,NDEPT00304
NHALL01004_NSERV00504,NHALL01004,NSERV00504
NHALL01204_NHALL01104,NHALL01204,NHALL01104
NHALL01204_NHALL01304,NHALL01204,NHALL01304
NHALL01204_NDEPT01104,NHALL01204,NDEPT01104
NHALL03304_NHALL03204,NHALL03304,NHALL03204
NHALL03304_NHALL03404,NHALL03304,NHALL03404
NHALL03304_NDEPT02004,NHALL03304,NDEPT02004
NHALL03304_NSERV01304,NHALL03304,NSERV01304
PSTAI00405_PHALL02105,PSTAI00405,PHALL02105
PELEV00205_PHALL02705,PELEV00205,PHALL02705
PHALL01205_PHALL00105,PHALL01205,PHALL00105
PHALL01205_PHALL01005,PHALL01205,PHALL01005
PHALL01205_PHALL01105,PHALL01205,PHALL01105
PHALL01205_PHALL01305,PHALL01205,PHALL01305
PHALL01405_PHALL01305,PHALL01405,PHALL01305
PHALL01405_PCONF00305,PHALL01405,PCONF00305
PHALL01405_PDEPT00505,PHALL01405,PDEPT00505
PHALL01405_PHALL01505,PHALL01405,PHALL01505
PHALL01005_PHALL00905,PHALL01005,PHALL00905
PHALL01005_PHALL01205,PHALL01005,PHALL01205
PHALL03105_PHALL03005,PHALL03105,PHALL03005
PHALL03105_PDEPT01905,PHALL03105,PDEPT01905
PHALL03105_PSTAI00205,PHALL03105,PSTAI00205
PDEPT00605_PHALL01605,PDEPT00605,PHALL01605
PDEPT00405_PHALL01305,PDEPT00405,PHALL01305
PDEPT00205_PHALL00505,PDEPT00205,PHALL00505
PREST00105_PHALL02605,PREST00105,PHALL02605
PHALL01605_PHALL01505,PHALL01605,PHALL01505
PHALL01605_PDEPT00605,PHALL01605,PDEPT00605
PHALL01605_PHALL01705,PHALL01605,PHALL01705
PHALL01805_PHALL01705,PHALL01805,PHALL01705
PHALL01805_PDEPT00805,PHALL01805,PDEPT00805
PHALL01805_PHALL01905,PHALL01805,PHALL01905
PDEPT00805_PHALL01805,PDEPT00805,PHALL01805
PHALL02205_PHALL02105,PHALL02205,PHALL02105
PHALL02205_PDEPT01205,PHALL02205,PDEPT01205
PHALL02205_PHALL02305,PHALL02205,PHALL02305
PCONF00305_PHALL01405,PCONF00305,PHALL01405
PDEPT02005_PHALL03205,PDEPT02005,PHALL03205
PHALL02405_PHALL02305,PHALL02405,PHALL02305
PHALL02405_PDEPT01405,PHALL02405,PDEPT01405
PHALL02405_PCONF00505,PHALL02405,PCONF00505
PHALL02405_PHALL02605,PHALL02405,PHALL02605
PCONF00505_PHALL02405,PCONF00505,PHALL02405
PHALL00305_PHALL00205,PHALL00305,PHALL00205
PHALL00305_PHALL00405,PHALL00305,PHALL00405
PHALL00105_PHALL00205,PHALL00105,PHALL00205
PHALL00105_PHALL01205,PHALL00105,PHALL01205
PHALL02005_PHALL01905,PHALL02005,PHALL01905
PHALL02005_PLABS00105,PHALL02005,PLABS00105
PHALL02005_PHALL02105,PHALL02005,PHALL02105
PCONF00105_PHALL00205,PCONF00105,PHALL00205
PHALL00705_PHALL00605,PHALL00705,PHALL00605
PHALL00705_PHALL00805,PHALL00705,PHALL00805
PDEPT01705_PHALL02805,PDEPT01705,PHALL02805
PHALL00505_PHALL00405,PHALL00505,PHALL00405
PHALL00505_PDEPT00205,PHALL00505,PDEPT00205
PHALL00505_PREST00205,PHALL00505,PREST00205
PHALL00505_PHALL00605,PHALL00505,PHALL00605
PDEPT01505_PHALL02505,PDEPT01505,PHALL02505
PDEPT01305_PHALL02105,PDEPT01305,PHALL02105
PHALL02605_PHALL02405,PHALL02605,PHALL02405
PHALL02605_PREST00105,PHALL02605,PREST00105
PHALL02605_PHALL02705,PHALL02605,PHALL02705
PDEPT01105_PHALL01705,PDEPT01105,PHALL01705
PHALL00905_PHALL00805,PHALL00905,PHALL00805
PHALL00905_PCONF00205,PHALL00905,PCONF00205
PHALL00905_PHALL01005,PHALL00905,PHALL01005
PHALL02805_PHALL02705,PHALL02805,PHALL02705
PHALL02805_PDEPT01705,PHALL02805,PDEPT01705
PHALL02805_PDEPT01605,PHALL02805,PDEPT01605
PHALL02805_PHALL02905,PHALL02805,PHALL02905
PSTAI00305_PHALL02505,PSTAI00305,PHALL02505
PSTAI00105_PHALL03205,PSTAI00105,PHALL03205
PDEPT01905_PHALL03105,PDEPT01905,PHALL03105
PSTAI00505_PHALL01105,PSTAI00505,PHALL01105
PELEV00105_PHALL01105,PELEV00105,PHALL01105
PHALL01105_PHALL01205,PHALL01105,PHALL01205
PHALL01105_PELEV00105,PHALL01105,PELEV00105
PHALL01105_PSTAI00505,PHALL01105,PSTAI00505
PHALL01105_PREST00205,PHALL01105,PREST00205
PDEPT01005_PHALL01505,PDEPT01005,PHALL01505
PLABS00105_PHALL02005,PLABS00105,PHALL02005
PHALL01305_PHALL01205,PHALL01305,PHALL01205
PHALL01305_PHALL01405,PHALL01305,PHALL01405
PHALL01305_PCONF00405,PHALL01305,PCONF00405
PHALL01305_PDEPT00405,PHALL01305,PDEPT00405
PHALL03005_PHALL02905,PHALL03005,PHALL02905
PHALL03005_PDEPT01805,PHALL03005,PDEPT01805
PHALL03005_PHALL03105,PHALL03005,PHALL03105
PHALL03205_PDEPT02005,PHALL03205,PDEPT02005
PHALL03205_PSTAI00105,PHALL03205,PSTAI00105
PHALL01905_PHALL01805,PHALL01905,PHALL01805
PHALL01905_PDEPT00905,PHALL01905,PDEPT00905
PHALL01905_PHALL02005,PHALL01905,PHALL02005
PDEPT00705_PHALL01705,PDEPT00705,PHALL01705
PDEPT00505_PHALL01405,PDEPT00505,PHALL01405
PREST00205_PHALL00505,PREST00205,PHALL00505
PREST00205_PHALL01105,PREST00205,PHALL01105
PHALL01505_PHALL01405,PHALL01505,PHALL01405
PHALL01505_PDEPT01005,PHALL01505,PDEPT01005
PHALL01505_PHALL01605,PHALL01505,PHALL01605
PDEPT00305_PHALL00805,PDEPT00305,PHALL00805
PHALL01705_PHALL01605,PHALL01705,PHALL01605
PHALL01705_PDEPT01105,PHALL01705,PDEPT01105
PHALL01705_PDEPT00705,PHALL01705,PDEPT00705
PHALL01705_PHALL01805,PHALL01705,PHALL01805
PDEPT00105_PHALL00405,PDEPT00105,PHALL00405
PELEV00305_PHALL02305,PELEV00305,PHALL02305
PDEPT00905_PHALL01905,PDEPT00905,PHALL01905
PCONF00405_PHALL01305,PCONF00405,PHALL01305
PHALL02305_PHALL02205,PHALL02305,PHALL02205
PHALL02305_PELEV00305,PHALL02305,PELEV00305
PHALL02305_PHALL02405,PHALL02305,PHALL02405
PHALL02505_PDEPT01505,PHALL02505,PDEPT01505
PHALL02505_PSTAI00305,PHALL02505,PSTAI00305
PHALL00205_PHALL00105,PHALL00205,PHALL00105
PHALL00205_PHALL00305,PHALL00205,PHALL00305
PHALL00205_PCONF00105,PHALL00205,PCONF00105
PCONF00205_PHALL00905,PCONF00205,PHALL00905
PHALL02105_PHALL02005,PHALL02105,PHALL02005
PHALL02105_PSTAI00405,PHALL02105,PSTAI00405
PHALL02105_PDEPT01305,PHALL02105,PDEPT01305
PHALL02105_PHALL02205,PHALL02105,PHALL02205
PDEPT01805_PHALL03005,PDEPT01805,PHALL03005
PHALL00605_PHALL00505,PHALL00605,PHALL00505
PHALL00605_PHALL00705,PHALL00605,PHALL00705
PDEPT01605_PHALL02805,PDEPT01605,PHALL02805
PHALL00405_PHALL00305,PHALL00405,PHALL00305
PHALL00405_PDEPT00105,PHALL00405,PDEPT00105
PHALL00405_PHALL00505,PHALL00405,PHALL00505
PDEPT01405_PHALL02405,PDEPT01405,PHALL02405
PHALL02705_PHALL02605,PHALL02705,PHALL02605
PHALL02705_PELEV00205,PHALL02705,PELEV00205
PHALL02705_PHALL02805,PHALL02705,PHALL02805
PDEPT01205_PHALL02205,PDEPT01205,PHALL02205
PHALL00805_PHALL00705,PHALL00805,PHALL00705
PHALL00805_PDEPT00305,PHALL00805,PDEPT00305
PHALL00805_PHALL00905,PHALL00805,PHALL00905
PHALL02905_PHALL02805,PHALL02905,PHALL02805
PHALL02905_PHALL03005,PHALL02905,PHALL03005
PSTAI00205_PHALL03105,PSTAI00205,PHALL03105